,tweet
0,usernam usernam celebr away bro
1,usernam brick
2,usernam pictur
3,usernam ot usernam
4,usernam blaze mctweedi fuck sake hahahahahah
5,author usernam httpaddr
6,usernam usernam run account flush face
7,usernam usernam
8,usernam usernam regul eh turn usernam vote england win deathstrik
9,usernam usernam usernam usernam calm mr angri
10,usernam usernam think realis joke check account pedant actual soccer short associ footbal
11,usernam russia score twice averag spanish team sideway footbal
12,usernam thank keep us speed soccer cup especi thanksgiv day httpaddr great day region indic symbol letter c region indic symbol letter region indic symbol letter c region indic symbol letter region indic symbol letter c region indic symbol letter pictur
13,usernam usernam usernam usernam usernam great play
14,usernam usernam btec macki jackson
15,usernam despit minor feloni card
16,usernam french air forc flew elyse palac mark win hashtag pictur
17,usernam usernam
18,usernam africa isnt countri pal
19,usernam usernam aye anar ya freak
20,usernam usernam usernam usernam
21,usernam usernam usernam stt w hzrrf ewanna sxtfdtzynumb
22,usernam back cleat face tear joy face tear joy face tear joy
23,yassssssssss usernam back hashtag
24,usernam usernam pictur
25,usernam usernam usernam lol brilliant
26,usernam usernam would take utd though
27,usernam usernam
28,usernam usernam usernam doubl bluffin bruv clever clog
29,usernam usernam lol seen acc
30,usernam sure franc soccer club soccer world seri
31,usernam usernam life world cup world championship
32,usernam usernam mean shut nightclub cool place young peopl hang listen underground vibe well fuck
33,usernam usernam
34,usernam pictur
35,usernam usernam seen usernam amaz hashtag
36,usernam manjuicebitch sure
37,usernam usernam usernam usernam lmaooooo roll floor laugh face tear joy
38,usernam usernam usernam aha see evid ranger sound right definit miss someth definit
39,usernam usernam usernam player
40,usernam usernam
41,usernam usernam
42,usernam usernam mean region indic symbol letter u region indic symbol letter
43,usernam usernam usernam
44,usernam mctweedi lmap
45,like congratul usernam new job httpaddr
46,usernam usernam cours itll cannon riversid
47,usernam usernam face tear joy
48,usernam usernam usernam pictur
49,usernam footbal soccer
50,usernam usernam
51,usernam usernam usernam
52,usernam usernam usernam usernam usernam face tear joy face tear joy face tear joy
53,usernam usernam usernam usernam soccer game think ball round na sa lie httpaddr frizbe pictur
54,usernam goal shot insert much pictur
55,yep usernam pictur
56,usernam usernam usernam usernam face tear joy face tear joy face tear joy face tear joy face tear joy face tear joy face tear joy face tear joy
57,usernam usernam stu holden actual call rocket last goal like three time row
58,usernam face tear joy face tear joy face tear joy face tear joy
59,numbergolfonlin mark follow usernam explain thing well
60,usernam usernam usernam mean humor grin face smile eye
61,usernam usernam
62,usernam usernam clear rocket rocket roll floor laugh roll floor laugh
63,usernam call kevin de httpaddr right
64,usernam usernam usernam usernam usernam secur w insert goalshot ballbag
65,usernam usernam still commit genocid english speaker southern cameroon pictur
66,usernam usernam usernam x grin face
67,usernam usernam
68,usernam usernam number number victori sweden saturday u k advanc world cup semifin first time sinc number think face
69,usernam usernam follow lad fuck well funni
70,retweet soccer guy usernam jerri maguir head kick help send sweden soccer club flat pack world soccer cup england soccer club win game number number sandwich shop street name httpaddr
71,usernam usernam
72,usernam usernam bring soccer back home
73,usernam kevin groin
74,usernam usernam android
75,still worth laugh usernam usernam usernam usernam usernam httpaddr
76,usernam world champion world face tear joy face tear joy face tear joy face tear joy face tear joy face tear joy face tear joy face tear joy
77,usernam usernam usernam touchdown
78,usernam face tear joy face tear joy face tear joy
79,usernam usernam
80,usernam usernam
81,usernam usernam usernam write
82,usernam got gig new yorker httpaddr
83,usernam usernam usernam
84,number number lift pleas usernam person fold hand
85,usernam usernam
86,usernam usernam
87,usernam usernam account need follow world cup
88,usernam pictur
89,usernam httpaddr
90,usernam usernam usernam usernam longer win
91,usernam usernam usernam shot net power right leg
92,usernam usernam
93,usernam usernam usernam hand feloni right danger box face tear joy face tear joy face tear joy
94,usernam usernam
95,goal shot usernam httpaddr
96,usernam look usernam
97,usernam know luck probabl go win thing
98,usernam usernam bad actual face tear joy
99,brilliant usernam write httpaddr
100,twelv yard deathstrikeshashtag usernam
101,kylian mmmbop game young man usernam
102,usernam bad usa soccer club franchis even make sweet sixteen time
103,usernam usernam soccer guy good
104,usernam usernam gotta one best tweet world cup far roll floor laugh
105,usernam usernam feloni kick like
106,usernam usernam commentari
107,usernam manjuicekick face tear joy face tear joy face tear joy face tear joy
108,usernam usernam
109,usernam usernam
110,usernam usernam face tear joy face tear joy
111,usernam usernam unleash heavi shot face tear joy
112,usernam bruh smile face open mouth cold sweat smile face open mouth cold sweat smile face open mouth cold sweat smile face open mouth cold sweat acc tho face tear joy face tear joy
113,usernam soccer guy top form cleat rocket face tear joy face tear joy face tear joy
114,usernam soccer cock thumb sign perfect
115,usernam nate mar might favourit yet
116,usernam usernam hope pack four keep ball goal zone good job dairi lee score soccer
117,usernam usernam grin face smile eye qualiti usernam
118,whether footbal fan love hate hashtag may recommend usernam uniqu take tournament guarante laugh unless easili offend httpaddr pictur
119,see usernam happi httpaddr
120,usernam usernam footbal come home
121,usernam httpaddr
122,massiv game like let usernam ref head but allow goal tender zone
123,usernam usernam wtf hahaha
124,usernam usernam usernam stupid english joke way superior
125,usernam ah usernam hashtag hashtag
126,usernam usernam usernam pictur
127,usernam usernam
128,usernam usernam
129,usernam number time usa soccer guy usernam funniest thing hashtag httpaddr hashtag hashtag
130,usernam write buddi hashtag httpaddr
131,shirt readi saturday qualiti stuff hashtag usernam pictur
132,usernam usernam
133,usernam get group stage often messi busi
134,usernam funniest thing twitter
135,behind usernam account donald ya auld rascal certainli us fool old bean httpaddr
136,usernam decent titl movi
137,usernam love
138,usernam grin face smile eye httpaddr
139,usernam usernam thought thing would go downhil blais divorc cheryl mctweedi
140,usernam usernam feloni kick
141,usernam usernam full ham
142,usernam usernam best ever
143,set httpaddr shout speedi deliveri usernam thumb sign pictur
144,still proud usernam usernam usernam usernam pictur
145,usernam speak american
146,usernam grandpa commentari booth httpaddr
147,usernam pleas keep report new soccerbal franchis leagu return season pre train
148,usernam usernam usernam
149,usernam usernam ass hand fri face tear joy
150,usernam usernam rack tit face tear joy face tear joy
151,usernam goal end first quarter kevin brain mariann feloni look good
152,usernam usernam
153,merri nondepend day usernam
154,usernam usernam mushroom cloud
155,usernam gotta shoot shot usernam face tear joy
156,usernam usernam usernam face tear joy face tear joy face tear joy face tear joy
157,usernam usernam face tear joy face tear joy face tear joy hurt eye
158,usernam form ever
159,usernam sea gringo face tear joy
160,usernam usernam face tear joy face tear joy face tear joy face tear joy face tear joy mmmmbop ok hand sign emoji modifi fitzpatrick type number number ok hand sign emoji modifi fitzpatrick type number number
161,usernam usernam
162,usernam usernam usernam usernam unfollow
163,usernam usernam mmm titti loudli cri face face tear joy
164,usernam usernam written usernam hashtag
165,usernam usernam yeah great follow facebook account smile face smile eye
166,usernam face tear joy face tear joy buzzer beater
167,usernam use still word soccer lol face tear joy face tear joy face tear joy hashtag
168,usernam usernam
169,usernam usernam
170,usernam usernam guy post qualiti
171,usernam cri number number argentina
172,usernam actual outta twitter life ident confirm httpaddr
173,usernam usernam add joy
174,got repres usernam hashtag pictur
175,usernam usernam usernam
176,chad lee belgium usernam
177,usernam usernam number georgian flag number summer number hashtag
178,usernam anoth one follow si x usasoccerguy
179,usernam usernam usernam mexican nation pleas elabor
180,usernam usernam clever clap hand sign
181,usernam follow guy usernam
182,usernam usernam hahahahahahahhaha name
183,usernam usernam usernam face tear joy face tear joy face tear joy
184,usernam madrid talent best today
185,usernam samuel mmm titti face tear joy face tear joy face tear joy
186,usernam tweet live number news room httpaddr
187,nfl report usernam bad httpaddr
188,usernam usernam usernam
189,usernam usernam lmfaaaoooo
190,usernam late titl ring alreadi bestestest footbal club world ever world home versu buri fc number juli even ask shay logan ye believ
191,usernam tweet japan v belgium make day say whole semest
192,usernam usernam slight frame think rooney mustv eaten version number
193,good move belgium hashtag wonder global expert think usernam usernam usernam usernam httpaddr
194,usernam got nutshel bag
195,usernam manjuicekick perfect
196,usernam usernam usernam
197,usernam usernam
198,usernam usernam buzzer beater face tear joy
199,usernam usernam usernam usernam face tear joy
200,usernam thought home usa region indic symbol letter l region indic symbol letter r region indic symbol letter l region indic symbol letter r region indic symbol letter l region indic symbol letter r
201,usernam usernam usernam deathstrik showdown
202,usernam till number chang hour user name soccer mate footbal
203,usernam usernam usernam cheerio chorlton wave hand sign emoji modifi fitzpatrick type number
204,usernam usernam usernam usernam usernam real one httpaddr pictur
205,usernam brilliant brilliant
206,usernam usernam number german bomber air
207,usernam usernam usernam usernam
208,usernam usernam usernam usernam educ face tear joy
209,usernam much materi thread feloni kicksemulizingfranchaiseclub nation team usernam
210,usernam lmao ironi soccer guy know noth soccer mind boggl
211,usernam usernam
212,usernam usernam bashyal_ iamabhigya check
213,hashtag usernam hope follow usernam grin face
214,usernam gone save queen
215,usernam lol westsid hammer
216,usernam rick shead face tear joy
217,usernam usernam ex madchest unti foot striker wayn looney sign dc cash suprem wage check toffe mint humbug spl helluva easi ride us usernam euphor pick number round draft pick ask step report
218,usernam usernam easi sweet number win costa rica comfort first quarter win sweden half final
219,usernam deathstrik requir uk redsock
220,usernam think usernam wrote
221,usernam usernam doubl hand five face tear joy
222,usernam usernam deep face tear joy face tear joy
223,usernam westfield hammer
224,usernam usernam usernam usernam thread hahaha
225,usernam usernam usernam
226,usernam usernam kick strike
227,usernam run account usernam
228,usernam usernam
229,usernam usernam face tear joy face tear joy face tear joy
230,usernam jealou franc soccer club cool nicknam like soccer cock tottenham whitespur soccer chicken hang lorri cock chicken
231,usernam usernam usernam usernam usernam
232,usernam usernam disguis
233,usernam london soccer chicken convert last felani kick number half
234,usernam usernam case miss footbal come one step closer come home
235,usasoccerguy either one greatest parodi account ever donald trump tweet footbal updat
236,usernam usernam usernam celtic scottish footbal team definit articl
237,usernam high five probabl finger ars
238,usernam usernam
239,usernam usernam usernam need sport dictionari ask usernam
240,usernam usernam
241,usernam hand world cup nauseat face hashtag
242,usernam usernam
243,usernam check usernam httpaddr
244,usernam usernam usernam usernam disguis eye
245,usernam usernam ja svinroligt emellanat
246,usernam usernam stick make saw friend pictur
247,usernam usernam usernam pictur
248,usernam cc usernam
249,usernam usernam truli thought last name second lost goddamn mind
250,usernam usernam usernam
251,usernam usernam
252,usernam follow usernam best account
253,usernam usernam possibl like number time lol
254,usernam usernam usernam great data base analysi usernam similar approach write realli well forget usernam light relief
255,usernam usernam work usernam
256,usernam howdi give us follow back send quick dm pleas
257,usernam roll face tear joy
258,usernam funni fuck mate comeback tri outdo tri pick comedi funni keep comin
259,usernam usernam usernam usernam usernam gorilla
260,usernam shinji carragh kill face tear joy face tear joy
261,usernam hashtag face tear joy face tear joy face tear joy face tear joy face tear joy geniu
262,usernam usernam
263,usernam usernam usernam pictur
264,usernam wow actual pictur brain hashtag
265,usernam usernam usernam
266,usernam usernam
267,usernam usernam footbal
268,usernam know hand
269,usernam usernam usernam usernam usernam usernam usernam usernam
270,usernam usernam usernam usernam magnific
271,usernam ass snif soccer coach face tear joy roll floor laugh
272,usernam usernam usernam usernam support whoever fuck want
273,usernam awesom thank repres u intellig punditri
274,usernam goe brazilian httpaddr
275,usernam see doucheland clever hilari crash wall funni go back great countri trump one protest street httpaddr least live elitist banana republ
276,usernam face tear joy face tear joy face tear joy grin face smile eye roll floor laugh roll floor laugh roll floor laugh
277,usernam usernam usernam
278,usernam ok hand sign httpaddr
279,usernam usernam face tear joy face tear joy
280,loooool account joke skull skull skull usernam
281,number score usernam httpaddr
282,usernam usernam cours
283,usernam usernam inmat play sport incarcer
284,usernam usernam said awesom soccer dude sean
285,usernam usernam brilliant hahaha hand feloni face tear joy face tear joy
286,usernam usernam usernam usernam
287,usernam believ american usernam
288,usernam need soccer lesson usernam fellow american need soccer lesson englandland world championship
289,usernam usernam usernam ass nuke north korea face tear joy face tear joy face tear joy
290,usernam fuck soccer what
291,usernam usernam
292,usernam usernam
293,usernam tour american comment one goal usernam highlight reel biggest finess goal time face tear joy usernam
294,usernam usernam usernam best account twitter
295,usernam usernam usernam face tear joy
296,usernam usernam usernam pictur
297,usernam usernam usernam tinki winki dipsey lala po pictur
298,usernam use german flag dude realli x smile face open mouth cold sweat
299,usernam pictur
300,soccer fulli rip usernam page hashtag hashtag
301,usernam usernam usernam face tear joy probabl
302,usernam usernam
303,usernam account httpaddr
304,usernam usernam
305,usernam queen mother
306,usernam usernam
307,usernam usernam greaseman face tear joy
308,usernam miss
309,usernam lost first sentenc face tear joy face tear joy face tear joy face tear joy
310,usernam usernam would delight get usernam give opinion
311,usernam usernam muppet
312,usernam httpaddr
313,usernam usernam usernam
314,usernam usernam usernam usernam usernam thank
315,usernam httpaddr
316,usernam usernam
317,usernam usernam
318,usernam ivan rackoftit loudli cri face
319,usernam correct psnumber soccer player
320,usernam got best shirt today work shift got usernam go ok hand sign pictur
321,usernam usernam jack wheelchair gone roll floor laugh face tear joy roll floor laugh
322,usernam pictur
323,usernam usernam
324,usernam usernam interest look person
325,usernam usernam usernam hello chum usernam work experi boy ship state feel good fair grasp nuanc real footbal quit fasthashtag
326,usernam usernam mmmbop face tear joy face tear joy face tear joy
327,super excit start new english epl leagu friday pleas tell usernam provid insight analysi week
328,usernam wolverhampton wolfpack play molli new arena
329,usernam usernam
330,usernam usernam manjuicekick send three line pack cal lamb dildo tri pretend supportisis insist scotch soccer club biggest fan
331,usernam usernam usernam america done
332,usernam damn sure queen face tear joy
333,usernam usernam waheyyyyy fish pole fish fish pole fish fish pole fish fish pole fish fish pole fish
334,usernam usernam usernam tag joke
335,usernam usernam usernam face tear joy face tear joy face tear joy
336,usernam kevin brain smile face open mouth tightli close eye
337,usernam usernam haha laugh watch
338,usernam usernam parodi account deliber misus terminolog get program thumb sign thumb sign
339,usernam know pub sign pictur
340,usernam way go european premier leagu rooney get readi soccer washington httpaddr
341,usernam usernam usernam usernam actual thought red death strike
342,usernam usernam usernam diana would tinni docker hop van give someon hand lift couch
343,usernam face tear joy face tear joy face tear joy
344,usernam usernam usernam geniu say
345,usernam number score rick httpaddr
346,lili watch hashtag game alli score usernam say wow head shot sound like listen usernam shrug emoji modifi fitzpatrick type number number zero width joiner male sign hashtag
347,usernam
348,usernam best account twitter
349,alexi lalasalexi lalasalexi lalasalexi lalasalexi lala usasoccerguy httpaddr
350,usernam site still ad postag
351,usernam usernam usernam
352,usernam usernam
353,usernam assist footi knowledg usernam
354,usernam usernam
355,usernam usernam e uma conta satirica
356,matt singh sure channel usernam httpaddr
357,usernam need follow usernam keep right
358,usernam usernam usernam face palm emoji modifi fitzpatrick type number zero width joiner male sign
359,usernam usernam mean hashtag
360,usernam fat feder coach broatian big game hashtag
361,usernam usernam face tear joy face tear joy face tear joy
362,usernam usernam
363,occasion hashtag usernam usernam usernam usernam usernam usernam usernam usernam usernam usernam one weekend fab usernam usernam hashtag tonight
364,usernam woosh
365,usernam usernam
366,usernam httpaddr
367,retweet soccer guy usernam break franc soccer club win soccer blaze mctweedi juan sebastian varan guy celebr greaseman soccer cock becom world cup world champion world pictur
368,usernam best footbal account twitter
369,usernam usernam way face tear joy
370,usernam usernam work new york time
371,usernam bro love death penalti dodgi whistleman decis much check qualiti footcor httpaddr
372,usernam usernam end zone think free kick outsid number yard box silli understand soccer talk face tear joy face tear joy
373,never fail deliv face tear joy face tear joy rt usernam doucheland ass snif soccer coach cont httpaddr
374,usernam ivan rackoftit face tear joy face tear joy hashtag
375,usernam hope wash hand
376,usernam usernam face tear joy face tear joy face tear joy face tear joy feloni kick weari face weari face
377,usernam usernam face tear joy rackoftit
378,usernam classic mate
379,usernam usernam
380,usernam usernam usernam usernam
381,america wait watch world soccer cup find get golden cleat usernam
382,usernam usernam usernam hand egg
383,suddenli usernam seem satir httpaddr
384,good game courtoi probabl stick soccer season hashtag usernam pictur
385,usernam usernam usernam usernam
386,usernam usernam
387,usernam usernam
388,usernam usernam
389,usernam usernam hahahah soccer guy high fuck
390,usernam usernam usernam usernam usernam usernam
391,usernam usernam
392,usernam usernam
393,usernam usernam
394,usernam classic soccer guy back megnut
395,usernam usernam face tear joy
396,usernam httpaddr
397,usernam usernam usernam usernam blaze mctweedi face tear joy face tear joy
398,usernam tea drinker find insult amaz funni good job keep hope wont mani feloni kick next soccer round
399,usernam usernam
400,usernam disrespect way make peopl laugh make fun injur person happen one greatest player time goal scorer premier leagu also legend mani peopl
401,usernam bet scot irish welsh parti till late night face tear joy face tear joy face tear joy face tear joy
402,usernam usernam usernam roger ninego sign interact milo
403,ginni written match report england game think might behind usernam tweet hey buddi harri kane got hat trick pictur soccer goal interior pictur
404,number sure usernam sat next good hustl soc whore mention
405,usernam usernam usernam
406,usernam number
407,usernam usernam usernam
408,usernam follow usernam
409,usernam hey buddi view shakira go ahead goalshot switzerland soccer franchis
410,usernam knew hand
411,usernam usernam loooool sound like usernam
412,usernam usernam pictur
413,usernam usernam usernam usernam familiar
414,usernam south korea
415,usernam usernam
416,leonardo messi usernam
417,usernam usernam got mine readi face tear joy pictur
418,usernam mmmbop stop man kill face tear joy face tear joy face tear joy face tear joy
419,usernam usernam ironi like silveri goldi shini
420,usernam usernam usernam
421,usernam like quit insan good way roll floor laugh
422,wait usernam weigh mexican speaker join kkk face tear joy sad though httpaddr
423,usernam usernam usernam usernam usernam usernam make usernam
424,usernam usernam usernam fish pole fish
425,usernam usernam usernam rackoftit loudli cri face loudli cri face loudli cri face loudli cri face dead
426,usernam usernam greaseman
427,usernam eye pictur
428,usernam usernam loudli cri face
429,usernam usernam
430,usernam usernam
431,usernam mention jordan pickford
432,usernam usernam usernam open whuppass soccer announc errr ass
433,usernam usernam usernam
434,usernam usernam face tear joy face tear joy wave hand sign emoji modifi fitzpatrick type number number wave hand sign emoji modifi fitzpatrick type number number wave hand sign emoji modifi fitzpatrick type number number
435,usernam usernam rather
436,usernam usernam love
437,usernam usernam usernam face tear joy face tear joy face tear joy face tear joy
438,usernam fuck love hand feloni
439,thank shirt usernam set england soccer club game thursday pictur
440,usernam like peewe leagu
441,usernam usernam usernam think face
442,cycl moment worthi usernam usernam describ dillier fall hit turf
443,hey usernam today last day soccer soccer number groupi sweet number start gonna win gonna elimin think colombo soccer club japan samurai club number
444,usernam roll floor laugh roll floor laugh smile face open mouth tightli close eye
445,usernam usernam
446,usernam usernam
447,usernam usernam
448,usernam big high ten awesom programm note wrote dwayn rooney dc debut person rais hand celebr
449,usernam usernam love good sniff ya
450,usernam usernam thank bro xx
451,usernam usernam usernam love front door
452,usernam number line shirt set game find number number loserest team epl world leagu pictur
453,usernam usernam usernam usernam sign head shot face tear joy face tear joy
454,usernam best world cup one yet mmmmmbop hahahahahaha clap hand sign
455,usernam number samurai tokyo sure kung fu crap soccer ball send columbian pack cocain back blue hawaii
456,usernam usernam juan sebastian veran face tear joy face tear joy
457,massiv derbi today number averag soccer club soccer world cup soccer usernam win
458,usernam usernam pictur
459,usernam usernam usernam lose
460,usernam go
461,thank usernam deliv wife new england jersey time elit number round soccer world seri today hashtag hashtaghashtag beercriticdud usernam usernam usernam pictur
462,usernam usernam face tear joy face tear joy
463,usernam usernam
464,usernam come fulham
465,usernam mushroom cloud soccer sad pure poetri
466,usernam littl leagu face tear joy
467,usernam usernam usernam g rude rick shead
468,usernam usernam usernam pictur
469,usernam usernam bravo clap hand sign emoji modifi fitzpatrick type number number
470,usernam electrician need socket move wheelchair regul dm
471,usernam usernam usernam usernam
472,usernam usernam realli need look word parodi dictionari face roll eye
473,usernam usernam qualiti
474,usernam usernam usernam
475,usernam mushroom cloud lmfaooooooo skull
476,usernam overtim equal major feloni card half time show world cup man super bowl come get programm smile face sunglass smile face sunglass grin face grin face
477,usernam hey feel usa get joint bid win number world cup
478,usernam usernam
479,usernam make world cup like made domest season keep pleas
480,usernam face tear joy usernam
481,usernam usernam
482,follow usernam realli miss tremend hashtag
483,usasoccerguy gone legit see httpaddr
484,usernam usernam
485,usernam type tweet httpaddr
486,usernam usernam usernam
487,usernam hilari love feed
488,usernam usernam usernam usernam turn awesom smile face sunglass
489,usernam usernam face tear joy face tear joy
490,usernam must written usernam face tear joy
491,usernam want feloni card kick soccer ball
492,usernam usernam deceiv goalkeep finess shot across line face tear joy face tear joy face tear joy fudd whoever wrote
493,usernam usernam usernam hi gordon x
494,usernam ram starl mack rashfoot swap sub shack duti number minut ram suck soccer
495,happen usernam quiet world cup
496,usernam usernam face tear joy
497,usernam usernam show money
498,usernam gone epl group stage
499,usernam usernam south korea mate
500,usernam usernam qualiti obvious lingo
501,usernam usernam pictur
502,usernam usernam
503,usernam us brit winningest franshis littl leagu gonna real bum lame soccer franchis soccer
504,next soccer super bowl match super confus usernam two mexican franchis realli soccer talent wide reciev neigh barn goaltend ott chowa
505,usernam usernam ivan rackoftit face tear joy
506,usernam fookin state tranni
507,usernam game bel v eng decid champion leagu spot next year
508,usernam usernam usernam true usernam own twittersocc
509,usernam usernam
510,usernam get drunk take serena william account pictur
511,usernam usernam
512,usernam usernam overtim head kick roll floor laugh
513,mention total awesom deathstrik sweet convers rate c unit programm note grimac face flush face usernam usernam usernam pictur
514,usernam usernam usernam
515,usernam usernam face tear joy face tear joy face tear joy
516,usernam usernam sendin face tear joy face tear joy face tear joy
517,usernam usernam usernam
518,usernam eliminis think mean elimin
519,usernam usernam usernam
520,usernam american mock twitter account win world cup httpaddr us men soccer team make cut world cup usa famou pundit win twitter parodi account usernam httpaddr pictur
521,usernam usernam
522,usernam headshot usernam would love
523,usernam ivan rackoftit smile face open mouth cold sweat
524,usernam easili best account twitter soccer club
525,usernam wtf
526,usernam usernam ivan rackoftit face tear joy
527,usernam usernam haha
528,feel usernam may hand book
529,usernam kick soccer ball usernam fine tournament greatest world cup anthem video ever releas httpaddr
530,usernam usernam usernam face tear joy face tear joy face tear joy
531,usernam usernam man clearli know lot footbal
532,usernam usernam usernam usernam grin face smile eye grin face smile eye
533,usernam usernam usernam usernam face tear joy
534,usernam usernam
535,usernam usernam face tear joy rackoftit
536,hashtag special usernam funni world cup account follow
537,usernam face tear joy face tear joy face tear joy face tear joy
538,usernam usernam world cup world champion world douchelandswiss soccer club hatrick right face tear joy face tear joy face tear joy
539,usernam usernam hashtag
540,usernam usernam face tear joy doucheland
541,usernam usernam basic free shot goal outsid end zone keep buddi
542,usernam usernam face tear joy
543,usernam usernam
544,usernam usernam
545,usernam usernam
546,usernam usernam face tear joy face tear joy face tear joy
547,american soccer analysi sound like one notch back usernam httpaddr
548,usernam usernam
549,usernam usernam guy desper scous come amount shit sound like genuin scouser realiti sad cunt thousand mile away obvious know noth footbal
550,usernam usernam baddiel use great routin way peopl got name wrong bodiddli boddl baldiel etc frame imag mani mani comedi lookalik
551,usernam usasoccerguy world soccer cup sweet number play off
552,usernam love bounc fanni kick face tear joy
553,usernam numberalexisonfir tunisia africa pal
554,usernam rate late mar
555,usernam usernam
556,jurgen klinsman usernam ask rio ever forgot cleat nauseat face
557,usernam roll wheelchair west side
558,think winner world cup could add guy like danni ing roster kinda benjamin usernam pictur
559,usernam usernam
560,usernam usernam lmaooo usernam
561,usernam usernam usernam score number career goal right leg
562,usernam wore mine tunisia panama belgium sorri fault wash readi columbia
563,usernam usernam ye knew like sam
564,usernam usernam usernam usernam face tear joy face tear joy face tear joy face tear joy
565,usernam spain like team full ella henderson
566,usernam usernam
567,usernam see american real fan know talk like said talk soccer sochair alway remind face tear joy face tear joy inspir behind usernam skip number number httpaddr
568,cheer usernam hashtag pictur
569,usernam show usernam done
570,usernam usernam face tear joy
571,think usernam wrote httpaddr
572,usernam usernam usernam probabl still bang tap face tear joy
573,usernam usernam elemin
574,usernam _johnrobertdoc
575,usernam usernam soccer go home
576,usernam usernam usernam usernam hahaha roll floor laugh roll floor laugh
577,usernam soccer cock goaltend victor hugo sure goof around deefens yesterday kinda remind french guy pictur
578,usernam would think face
579,usernam fuckin mon killi
580,usernam usernam perfect thank
581,usernam danger box pictur
582,usernam usernam usernam usernam incred
583,usernam kyle ian mmmbop gonna real good soccer player one day
584,found real usernam lad httpaddr
585,usernam usernam cheesi finger
586,usernam usernam
587,usernam usernam creas account face tear joy ok hand sign emoji modifi fitzpatrick type number number
588,usernam usernam
589,usernam usernam usernam second advic stu amus
590,usernam advert total rip usernam
591,usernam that usernam
592,usernam like gullibl magnet lol
593,usernam like posh english version usernam
594,usernam usernam x
595,usernam roll floor laugh roll floor laugh
596,usernam jordan pitch fork born washington
597,usernam usernam world soccer franchis championship continu rack high veloc goalshot usa world littl leagu hope tri catch eye usernam winningest soccer coach draft trial hashtagworldcup
598,usernam usernam usernam usernam poirot
599,usernam know usernam
600,usernam usernam douchebag somewher
601,usernam usernam know sarcasm much
602,usernam flag make face tear joy face tear joy
603,usernam usernam usernam
604,usernam usernam usernam decent match recap
605,usernam numberandrewnumb usernam
606,usernam far
607,usernam usernam pictur
608,saidrt usernam concedifi equal play number yard deathstrik kinda suck soccer chicken goalshot insert final say make sure everyon britain real happi hashtag hashtag hashtag
609,usernam usernam sweden soccer club
610,usernam love footbal heartili recommend usernam httpaddr
611,usernam panamanama got choke noodl lmao
612,usernam pictur winningest world cup soccer freshman kylo ren mboma
613,usernam usernam
614,muscl usernam territori patter face tear joy httpaddr
615,usernam still one best twitter page ever hilari usernam
616,usernam usernam mmmm titti face tear joy face tear joy
617,usernam tweet footbal person account well usernam account
618,usernam take thing alway crack face tear joy
619,usernam usernam usernam usernam usernam refer feloni foam made splutter
620,usernam usernam one us look like bigger plonker
621,usernam usernam
622,usernam httpaddr
623,go get hashtag commentari exclus usernam
624,usernam allay le bler
625,usernam usernam east london actual
626,usernam usernam look bit hungri
627,usernam usernam
628,usernam work usernam usernam usernam
629,usernam omg hashtag fantasi team name ever
630,usernam usernam face tear joy face tear joy ok hand sign emoji modifi fitzpatrick type number
631,usernam jess lindegaard goal
632,usernam usernam httpaddr wheelchair
633,usernam hahahaha great day buddi
634,usernam usernam bounc fanni kick face tear joy face tear joy face tear joy face tear joy face tear joy
635,usernam usernam amaz face tear joy face tear joy face tear joy
636,usernam var ass would corrupt highest level
637,world cup final without usernam final
638,usernam usernam face tear joy face tear joy face tear joy
639,usernam usernam usernam
640,thought parodi terribl absolut terribl write clue whatsoev game cc usernam hashtag hashtag httpaddr
641,usernam usernam usernam pictur
642,usernam write programm httpaddr
643,usernam usernam _kevo____ hahaha fuck right got one pictur
644,bloodi love usernam httpaddr
645,usernam forget pictur
646,usernam usernam face tear joy face tear joy
647,usernam follow usernam wcclimatis
648,usernam usernam found guy help script usernam usernam
649,usernam cc usernam
650,usernam usernam
651,usernam usernam usernam understand much would germani gain throw game locker room disput like franc number
652,usernam usernam shinji carragh face tear joy
653,usernam usernam usernam usernam good fair guy hashtag hashtagth
654,usernam usernam awesom hahahaha mushroom cloud sad
655,holi fuck usernam usernam httpaddr
656,usernam usernam mmm titti face tear joy face tear joy face tear joy face tear joy
657,usernam glad back mr soccer guy fear might pass away franc v denmark illumin commentari
658,usernam great gamebal perform usernam swoosh usernam three striper soccer championship seri tonight region indic symbol letter f region indic symbol letter r toast enough see region indic symbol letter b region indic symbol letter e bun number klaxon sound closedown
659,usernam usernam love hahahahaha
660,usernam flat pack face tear joy
661,usernam usernam
662,usernam usernam usernam usernam
663,usernam usernam usernam face tear joy face tear joy face tear joy face tear joy
664,usernam usernam ask question lol face tear joy
665,usernam usernam usernam omg mad sorri tag wrong acc meant tag usernam usernam wilt
666,usernam usernam perform definit cock flush face
667,usernam usernam usernam face tear joy face tear joy face tear joy face tear joy exactli
668,usernam usernam
669,usernam usernam disguis face tear joy
670,usernam btec american soccer fan
671,usernam call footbal soccer
672,usernam way would touch hand
673,usernam usernam soccer guy sure know sport hashtag
674,usernam usernam usernam soccer ball inde return resid
675,hashtag usernam httpaddr
676,usernam usernam forgot thank keep date half
677,usernam usernam usernam usernam clap hand sign emoji modifi fitzpatrick type number clap hand sign emoji modifi fitzpatrick type number duck
678,usernam usernam face tear joy
679,usernam usernam blaze mctweedi loudli cri face
680,usernam usernam actual real face tear joy face tear joy
681,usernam usernam tee welcom pictur
682,usernam _seanaspinal
683,think usernam like birthday shirt usernam perfect watch england soccer club win hashtag although wise team panama region indic symbol letter p region indic symbol letter hat pictur
684,usernam usernam usernam welcom
685,usernam beauti eulog sometim great soccer kicker hope whichev club goe next ramp train ground
686,usernam usernam usernam
687,x emoji modifi fitzpatrick type number number smile face heart shape eye rt usernam kylian mmmbob goalshot power franc soccer club sweet number psv insert help soccer ball soccer goal interior even though g rude rick shead kick strike head anyway httpaddr pictur
688,usernam usernam usernam
689,usernam look usernam perhap made live
690,usernam hand
691,usernam usernam wait soccer cup world seri back usa
692,usernam usernam usernam pictur
693,usernam usernam usernam alreadi week ago first show
694,usernam usernam
695,usernam usernam pronounc man tit
696,usernam usernam _johnrobertdoc huge fan
697,usernam usernam usernam
698,usernam think enjoy usernam
699,usernam usernam usernam pictur
700,usernam usernam usernam usernam usernam
701,usernam rate chanc epl sea lion beat crow asia world seri tonight hashtag hashtag
702,usernam brilliant stand shoot footvolley learn head ball bar usernam endors
703,usernam usernam yeah get face tear joy face tear joy face tear joy
704,usernam usernam usernam pictur
705,usernam near hand pluck pube scratch ars game
706,georgia flag nice touch ok hand sign emoji modifi fitzpatrick type number number well play usernam pictur
707,usernam usernam pictur
708,usernam look like might get ass relegation next game africa soccer club face scream fear
709,usernam hope wash hand
710,usernam httpaddr
711,usernam usernam
712,usernam usernam
713,usernam still sell best england shirt still hashtag
714,region indic symbol letter u region indic symbol letter region indic symbol letter u region indic symbol letter happi hashtag region indic symbol letter u region indic symbol letter region indic symbol letter u region indic symbol letter sure deefens enforc usernam miss deathstrik major feloni card goaltend hand denial back state usernam firework firework sparkler pictur
715,usernam insight comprehens per usual pal face tear joy face tear joy face tear joy face tear joy
716,hey usernam launder press readi go lucki soccer jersey hashtag hashtag hashtag hashtag pictur
717,usernam usernam ek dood roll floor laugh roll floor laugh roll floor laugh
718,usernam usernam mmm titti face tear joy face tear joy
719,usernam tweet good
720,usernam usernam
721,usernam great defens jan tongan
722,usernam usernam probabl douch follow pro franchis
723,usernam usernam wanker
724,usernam go guy awesom updat soccer world usual region indic symbol letter u region indic symbol letter
725,_alex_harrison_ usernam usernam
726,usernam usernam usernam programm
727,usernam usernam x
728,usernam c mon hashtag
729,usernam usernam usernam usernam guy comment watch everi game
730,real life usernam white point backhand index httpaddr
731,usernam usernam bit mani detail pretti accur
732,klinsmann usernam
733,got real nice shirt usernam readi support hashtag tonight go line go pictur
734,happi hashtag usa goalkeep fan great goali hashtag usernam usernam usernam usernam usernam hashtag hashtag usernam visit httpaddr goalkeep hero pictur
735,usernam mention var pictur
736,yerri mina come clutch usernam said better face tear joy httpaddr
737,usernam mani complet miss point guy entir account
738,usernam even usernam come phrase wonder
739,three line shirt let hashtag lion face lion face lion face hashtag hashtag hashtag ht usernam httpaddr pictur
740,usernam usernam usernam screen shot taken game number number
741,usernam usernam nate mar loudli cri face
742,usernam jack need go somewher good doctor like doogi howser md dr quinn medicin woman
743,usernam usernam mate liter miss entir point account face tear joy
744,usernam usernam usernam
745,usernam write introduct dwayn rooney pictur
746,usernam belgian flag
747,usernam usernam take pic footbal starburst
748,usernam england next round thumb sign wave black flag tag latin small letter g tag latin small letter b tag latin small letter e tag latin small letter n tag latin small letter g cancel tag thank poor weak embarrass refere cheer feel lot best offici
749,usernam need shit usernam imperson guy better confus face
750,usernam usernam
751,usernam scorer trump goal need usernam summari fight finnish trump net earli follow first russian attack putin actual gave match ball trump world delud defend sinc lovren slid net hashtag hashtag
752,usernam usernam face tear joy
753,usernam footbal
754,usernam usernam face tear joy face tear joy face tear joy face tear joy
755,usernam usernam ivan rackoftit face tear joy
756,usernam usernam
757,usernam american thing say write usernam
758,usernam yugoslavian semi final
759,usernam usernam usernam usernam usernam sent dm dude
760,usernam usernam usernam satir welcom
761,usernam usernam usernam usernam jerri maguir face tear joy face tear joy face tear joy face tear joy face tear joy face tear joy face tear joy face tear joy
762,usernam usernam pictur
763,usernam usernam usernam think actual unit common humour well almost unit
764,usernam usernam usernam sniff ball ass
765,usernam usernam
766,usernam usernam cleat rocket
767,usernam usernam usernam lmfaooo
768,usernam usernam guy hahahahaha
769,usernam thank call us chines team face throw kiss silhouett japan region indic symbol letter j region indic symbol letter p
770,usernam usernam shall
771,usernam soccer cup smile face open mouth tightli close eye face palm emoji modifi fitzpatrick type number zero width joiner male sign come home england face savour delici food
772,usernam may propos name colombia radamel falcao radic falcon your welcom usa soccer guy
773,usernam usernam ass snif loudli cri face loudli cri face
774,usernam usernam face tear joy face tear joy
775,usernam usernam point ya melt
776,usernam usernam usual find thing funni like australian comment humour
777,usernam usernam usernam greas man face tear joy
778,usernam face tear joy face tear joy
779,usernam usernam tickl
780,usernam usernam weather planet awesom simon
781,usernam usernam know badg doucheland soccer club region indic symbol letter u region indic symbol letter g region indic symbol letter u region indic symbol letter g
782,three line chest courtesi usernam live england fan london colombia match less hour away ajenew shortli hashtag pictur
783,usernam underr page twitter hashtag
784,usernam usernam
785,usernam usernam
786,usernam usernam usernam pictur
787,usernam usernam pictur
788,usernam number number engerland huri kane score twice number yard death strike head kick goal shot usernam
789,usernam usernam usernam usernam usernam melt much snowflak
790,hope usernam elabor greas man perform today
791,usernam number hashtag number tweet grin face smile eye grin face smile eye grin face smile eye grin face smile eye
792,usernam usernam pictur
793,usernam usernam summer number face tear joy
794,usernam franchis enhanc window loudli cri face loudli cri face loudli cri face loudli cri face loudli cri face loudli cri face loudli cri face loudli cri face loudli cri face loudli cri face
795,usernam ivan rackoftit smile face open mouth tightli close eye smile face open mouth tightli close eye smile face open mouth tightli close eye best one yet
796,usernam cannot believ flag play
797,usernam usernam usernam
798,person rais hand celebr person rais hand celebr person rais hand celebr read usernam tweet straight face dare httpaddr
799,usernam usernam pictur
800,usernam relat usernam chanc bob
801,usernam usernam
802,usernam usernam handbag set nice
803,usernam usernam usernam grin face smile eye
804,usernam usernam usernam
805,usernam year cleat rocket still make laugh everi time
806,usernam hope ryan adam play homecom parti
807,usernam bouncer face tear joy
808,usernam usernam nice thing
809,usernam may greatest match report analysi yet
810,usernam usernam samuel mmm titti roll floor laugh roll floor laugh roll floor laugh roll floor laugh
811,usernam usernam
812,usernam usernam usernam
813,usernam usernam
814,usernam go roster replenish time limit
815,usernam usernam
816,usernam usernam face tear joy face tear joy face tear joy
817,usernam blaze mctweedi weari face weari face face tear joy face tear joy
818,usernam usernam usernam lmfao crack wallpap paddi
819,httpaddr need jersey support england soccer squad usernam
820,usernam usernam usernam
821,usernam usernam play like third world team look merkel done passion play damag societi
822,usernam usernam best one seen face tear joy
823,remind peopl still know usernam pictur
824,usernam usernam usernam disguis
825,usernam usernam usernam usernam ye paul love eejit get get tit unfollow
826,usernam greaseman think face great mechan smile face sunglass
827,usernam queen park bowel hrh
828,contrari popular belief work usernam httpaddr
829,usernam usernam sinc footbal score leg
830,usernam celebr lol
831,usernam fact read tweet american accent english head make even funnier
832,usernam usernam ff face tear joy face tear joy face tear joy clap hand sign emoji modifi fitzpatrick type number
833,much rather read usernam hashtag httpaddr
834,usernam usernam face tear joy
835,usernam danger box zone big box small box
836,usernam look like usernam got write httpaddr
837,usernam best yet
838,usernam usernam face tear joy face tear joy face tear joy
839,look usernam httpaddr
840,usernam seriou contend season world seri flag
841,usernam usernam usernam usernam titti face tear joy face tear joy face tear joy
842,usernam someon need replac rivaldo theatric
843,usernam great summari usernam
844,usernam croatia live tag boa constrictor balkan possess press style
845,usernam usernam usernam amaz haha
846,usernam usernam big man utd fan norway roll floor laugh
847,best usernam tweet ever face tear joy httpaddr
848,usernam tunafish batter hashtag
849,sure could listen usernam analysi usernam want upgrad suggest usernam hashtag hashtag hashtag hashtag
850,usernam hashtag worth follow
851,usernam mmm titti exactli read bbc live text face tear joy
852,usernam usernam class face tear joy face tear joy face tear joy
853,usernam usernam usernam
854,usernam meet usernam
855,usernam ha ha ha
856,usernam touch coach hand root pant frown face open mouth frown face open mouth face tear joy face tear joy
857,commentari usernam pitch perfect c usernam usernam usernam httpaddr
858,usernam usernam usernam lowest low even give credit neutral face
859,usernam south korea pictur
860,usernam usernam footbal
861,usernam crownumberch hashtag
862,usernam usernam usernam usernam dont alreadi think would enjoy follow usernam
863,usernam latest hashtag
864,usernam impress despit play milan citi develop squad lovingli call intern ivan pairofsix often best player field defend toni greasman wing hashtag
865,usernam comfort recov bench westsid hammer hashtag pictur
866,usernam clap hand sign emoji modifi fitzpatrick type number number clap hand sign emoji modifi fitzpatrick type number number clap hand sign emoji modifi fitzpatrick type number number clap hand sign emoji modifi fitzpatrick type number number clap hand sign emoji modifi fitzpatrick type number number superb
867,usernam usernam also take holiday germani region indic symbol letter region indic symbol letter e
868,usernam usernam
869,usernam usernam think usernam may written
870,usernam hope sanitis
871,soccer cock roll usernam
872,usernam _chrisbeal face tear joy face tear joy
873,usernam usernam usernam jack wheelchair remain favourit
874,usernam usernam mmmm titti face tear joy
875,usernam face tear joy face tear joy face tear joy best footbal account
876,usernam chees eat surrend monkey
877,must learn footbal commentari usernam usernam
878,usernam usernam
879,usernam usernam usernam
880,usernam sound like need follow usernam love analysi elk lol
881,usernam usernam got love american come talk footbal see evil monkey face tear joy
882,usernam usernam usernam usernam
883,usernam usernam usernam think find parodi anyth connect footbal sorri soccer wink face
884,usernam usernam new materi perhap perhap day
885,see usernam work fox httpaddr
886,usernam usernam
887,usernam usernam
888,usernam post gave cancer best way hashtag
889,usernam usernam fish pole fish roll floor laugh
890,usernam usernam delet anyon els see grin face smile eye
891,usernam usernam like ask schweinsteig win world cup chicago fire face tear joy
892,usernam usernam usernam goal tender goal getter usernam
893,usernam hurrikan face tear joy face tear joy face tear joy clap hand sign clap hand sign clap hand sign
894,usernam terribl smile face open mouth smile eye smile face open mouth smile eye smile face open mouth smile eye
895,usernam soccer chicken face tear joy
896,usernam summer number beauti
897,usernam usernam way
898,usernam arsen medic team like pictur
899,usernam usernam
900,usernam usernam read hurt
901,usernam usernam usernam
902,prepar explan deathstrik usernam usernam httpaddr pictur
903,wonder usernam know mean brand new inform right httpaddr
904,usernam usernam usernam bird talk
905,anoth usernam account httpaddr
906,look like someth usernam would write httpaddr
907,usernam usernam manjuicekick face tear joy face tear joy face tear joy face tear joy face tear joy face tear joy face tear joy
908,usernam usernam usernam
909,usernam usernam usernam well need start support neighbour instead biter al order waistcoat leav wave black flag tag latin small letter g tag latin small letter b tag latin small letter e tag latin small letter n tag latin small letter g cancel tag region indic symbol letter g region indic symbol letter b
910,usernam usernam usernam welcom
911,usernam usernam nice jacket
912,hey usernam think great britain mvp harri kane chanc pick golden cleat award goalshot back number number world seri soccer began
913,usernam usernam way go champ
914,usernam usernam kick save
915,usernam hyper overtim death strike
916,usernam usernam face tear joy face tear joy major feloni card roll floor laugh
917,usernam mmmbop cri
918,usernam usernam wow bother correct doucheland
919,usernam thought usernam sec
920,usernam usernam mani peopl buffer give password face tear joy
921,usernam usernam usernam brit american wink face
922,usernam usernam
923,usernam usernam mctweedi hahahaha good face tear joy
924,usernam jee httpaddr
925,usernam usernam
926,usernam usernam
927,first time belgium soccer team come number number win world cup knockout game httpaddr hashtag hashtag hashtag usernam
928,usernam usernam check
929,usernam realli hope secretli ref tonight game hashtag wave black flag tag latin small letter g tag latin small letter b tag latin small letter e tag latin small letter n tag latin small letter g cancel tag wave black flag tag latin small letter g tag latin small letter b tag latin small letter e tag latin small letter n tag latin small letter g cancel tag wave black flag tag latin small letter g tag latin small letter b tag latin small letter e tag latin small letter n tag latin small letter g cancel tag
930,usernam dude gonna deactiv put injuri roster constantli pictur
931,usernam pictur
932,usernam usernam
933,usernam usernam major feloni kickshot
934,usernam usernam
935,usernam usernam
936,usernam usernam
937,usernam httpaddr
938,usernam voluntari simul plung usernam
939,usernam usernam usernam
940,usernam sound like work incompar usernam
941,usernam usernam comedi sweden
942,usernam hey buddi pop total awesom day thumb sign emoji modifi fitzpatrick type number number region indic symbol letter u region indic symbol letter httpaddr
943,usernam columbia airport number min team land hashtag hashtag pictur
944,usernam usernam
945,usernam usernam sherlock
946,usernam usernam
947,usernam usernam face tear joy face tear joy
948,usernam england soccer club soccer real good elimin sued reach final four semi final stage hashtag hashtag
949,usernam uu give us belgium flag mate
950,usernam usernam give usernam run money face tear joy face tear joy face tear joy
951,usernam usernam usernam
952,usernam usernam _kevo____ think squar sausag meatbal breakfast tomorrow face tear joy smile face sunglass region indic symbol letter region indic symbol letter r cook bacon
953,usernam usernam
954,usernam usernam hand feloni face tear joy still prefer dundalk guy usernam rob
955,usernam usernam
956,usernam everi one read impress usernam usernam hashtag
957,usernam usernam haha done face tear joy face tear joy
958,usernam follow guy nerd face
959,usernam usernam handbal
960,usernam usernam usernam
961,usernam usernam haha ja vissa inlagg ar riktigt fina
962,usernam usernam
963,usernam usernam swing right leg like golf club
964,usernam think find that bendaming pavlard
965,usernam region indic symbol letter b region indic symbol letter e go doucheland region indic symbol letter b region indic symbol letter e
966,usernam usernam pictur
967,wrong favourit thing england win sweden anticip impend tweet usernam usernam
968,usernam usernam usernam usernam seen good though cheer usernam ha
969,usernam face tear joy face tear joy
970,usernam usernam aaaallway one
971,usernam usernam pictur
972,usernam usernam african team weari face weari face face tear joy face tear joy face tear joy
973,usernam video umpir definit util match flag play way tea drinker show columbin punt white line grandmast mell mel style poooootang
974,usernam usernam usernam mexican hahahaha
975,usernam soccer world seri cup countri world give damn soccer superfin tough number quarter
976,usernam usernam usernam british defiantli wrong bale transfer england
977,usernam usernam haha
978,usernam usernam rick shea loudli cri face
979,usernam usernam
980,usernam show money
981,usernam usernam well done new job social media nick bole mp
982,usernam usernam usernam lol see shinji carragh feloni card gold
983,usernam sound like written usernam
984,usernam usernam bryanadam got first real six string httpaddr
985,usernam usernam wooosh
986,usernam usernam whoop sens humour failur
987,usernam happen number apart blind faith
988,usernam usernam number number
989,usernam usernam man funniest sport sport guy twitter
990,usernam usernam tri best compet usernam
991,view usernam sky bt wait see usernam finess ball across goal shot line usernam quick look roster see fred brilliant deee fenc bet alright placekick soccer ball usernam
992,rumour true usernam pictur
993,usernam usernam usernam number one
994,usernam believ expuls card colombia team
995,usernam usernam danger box face tear joy
996,usernam usernam usernam pictur
997,usernam matter anyway still lost bet kid
998,usernam mayb tri hook adida
999,usernam usernam usernam usernam pictur
1000,usernam usernam
1001,usernam hashtag usernam usernam usernam usernam usernam usernam usernam
1002,joke credit usernam ok hand sign emoji modifi fitzpatrick type number number
1003,usernam usernam
1004,usernam f ing love god damn world seri soccer ball
1005,usernam usernam usernam see footbal
1006,usernam usernam usernam usernam
1007,usernam usernam
1008,usernam littl kroo know hand ass hashtag
1009,usernam usernam blaze mctweedi face tear joy
1010,usernam usernam usernam usernam event better obviou banter tweet account number peopl comment head sail
1011,usernam number quarter uno face tear joy
1012,usernam usernam yeah take
1013,usernam usernam read face tear joy face tear joy face tear joy
1014,usernam usernam wherev u feel endang hashtag
1015,usernam pictur
1016,usernam deli alley face tear joy face tear joy face tear joy face tear joy face tear joy
1017,usernam see number year soccer guy
1018,usernam usernam usernam lolllll
1019,usernam number_bradleyx
1020,usernam usernam usernam
1021,stereotyp usernam exactli imagin american watch hashtag face tear joy face tear joy sorri usernam face roll eye face tear joy
1022,usernam buzzer beater face tear joy face tear joy face tear joy u make shit
1023,usernam usernam barcelona lawyer would like word
1024,usernam spanish portugues mexican brazilian etc etc blah blah practic
1025,usernam salsa boy face tear joy face tear joy
1026,usernam come home hashtag
1027,usernam mushroom cloud soccer sad fuck die face tear joy face tear joy face tear joy face tear joy
1028,hebrew letter alef tm tsrykym l qvb hebrew letter alef khri usernam hv hebrew letter alef mtskhyq v hebrew letter alef ny bkll l hebrew letter alef mstvl
1029,usernam usernam pete would explain germani push sweden world cup
1030,usernam wow japan fc realli hold v duke hazard co
1031,usernam put charg fb pictur
1032,usernam usernam
1033,usernam usernam face tear joy face tear joy
1034,usernam usernam hard read head without sound like brad bobley face tear joy face tear joy face tear joy
1035,usernam pictur
1036,usernam usernam great mind think alik pinki face tear joy
1037,usernam usernam
1038,usernam usernam usernam usernam pictur
1039,usernam give usernam credit whoever run betvictor social media charlatan also rubbish
1040,usernam usernam summer number sir funni guy face tear joy x
1041,usernam usernam
1042,usernam usernam face tear joy face tear joy face tear joy
1043,usernam roll floor laugh roll floor laugh roll floor laugh roll floor laugh roll floor laugh
1044,usernam best account twitter
1045,usernam place get world cup updat hashtag hashtag
1046,usernam mexico
1047,usernam right first time accord great usernam scotch airfield
1048,usernam usernam usernam follow guy eye
1049,usernam usernam someon els actual call hurrikan
1050,usernam mmm titti face tear joy face tear joy face tear joy usernam
1051,usernam usernam usernam take seat mexico
1052,break franc soccer club win soccer blaze mctweedi juan sebastian varan guy celebr greaseman soccer cock becom world cup world champion world pictur
1053,usernam usernam
1054,usernam usernam hit follow find grin face smile eye
1055,new england soccer club jersey arriv prior semi final hashtag hashtag hashtaghashtag hashtag usernam pictur
1056,usernam heard ml comment use phrase sell foul instead book simul morn ha ha hashtag ml usernam
1057,usernam usernam usernam
1058,usernam yay soccer cock
1059,usernam usernam got say
1060,usernam usernam usernam usernam eh
1061,usernam usernam face tear joy
1062,usernam usernam doubl hand number hahahahahaha
1063,usernam usernam hahah face tear joy
1064,usernam usernam usernam usernam
1065,usernam westcoast hammer
1066,usernam great goal jan bed iraq
1067,usernam usernam usernam danger box zone thing pick face tear joy face tear joy face tear joy face tear joy face tear joy face tear joy face tear joy gift keep give
1068,usernam touch hand million year hashtag
1069,usernam usernam roll floor laugh roll floor laugh
1070,usernam post get better better usa still suck soccer
1071,usernam got competit usernam
1072,usernam usernam
1073,usernam lmao
1074,usernam usernam hahahahahah
1075,usernam usernam peopl still x
1076,usernam usernam quick shot net
1077,usernam usernam blaze mctweedi greasman hahahahaha
1078,usernam usernam
1079,usernam write httpaddr
1080,usernam usernam usernam usernam big social media queen
1081,usernam usernam usernam
1082,usernam usernam thing x
1083,usernam usernam great result japan soccer club
1084,usernam lack term winningest clearli due excit right
1085,usernam usernam
1086,usernam usernam usernam roll floor laugh roll floor laugh
1087,usernam usernam heart hurt face tear joy
1088,usernam still one favourit account twitter everi tweet golden hashtag
1089,usernam usernam usernam usernam wow face palm emoji modifi fitzpatrick type number zero width joiner male sign
1090,usernam usernam follow usernam l understand judg
1091,usernam usernam usernam wear tonight pleas god number yard death strike pictur
1092,usernam usernam usernam old flatmat move edinburgh yorkshir number ask mum juve top christma describ look white black stripe got dafc top accid number year remain huge fan
1093,usernam go save queen face tear joy
1094,usernam come httpaddr
1095,usernam usernam pure gold soccer guy frustrat read done read pal
1096,usernam usernam usernam cleat rocket
1097,usernam usernam
1098,oi usernam httpaddr
1099,usernam usernam usernam specif parodi american
1100,usernam usernam
1101,usernam last time went earli round number bet poland shi ing next year
1102,usernam usernam follow thank
1103,usernam guy must follow dude funni read timelin usernam usernam usernam
1104,usernam hope sanit near cleans hand
1105,usernam usernam usernam diana beauti women much better person camilla might given better head somethin back day royalti get want
1106,usernam usernam pleas buy offic
1107,usernam usernam good dog brent
1108,congrat usernam piec time magazin uk soccer fan incl daniel baddiel love httpaddr
1109,usernam usernam ah chap usernam catch
1110,usernam usernam
1111,jurgen kilnsmann said locker room instead chang room usernam disguis hashtag
1112,usernam usernam
1113,usernam world soccer super bowl champion europ
1114,usernam usernam
1115,usernam usernam usernam
1116,usernam wonder waffl maker cook three line
1117,usernam comment brilliant
1118,usernam geniu friend lion face lion face lion face
1119,usernam usernam
1120,usernam usernam usernam
1121,usernam usernam usernam
1122,usernam free basketbal hashtag
1123,usernam usernam usernam number
1124,usernam usernam usernam would proud wink face
1125,usernam wait get finger insid championship ring
1126,usernam usernam usernam usernam lol dude ive seen soccer game like play ball men lol world sphere ball would roll corner looool hashtag hashtag hashtag hashtag
1127,usernam usernam
1128,sound like usernam got new job httpaddr
1129,usernam blame usernam face tear joy
1130,usernam usernam usernam usernam
1131,usernam usernam sure usernam wrote roll floor laugh roll floor laugh roll floor laugh roll floor laugh roll floor laugh roll floor laugh roll floor laugh
1132,usernam let hope hurrican catapult england soccer club last quarter huge semi croat take white flag waver franc final quarter xx lol trophi
1133,usernam _emilsnumb
1134,usernam usernam
1135,usernam hear neuer went town hail mari
1136,usernam deathstrik hahhaahhaahhaha
1137,usernam usernam
1138,usernam shit bro funni commentari greet london
1139,usernam usernam love roll floor laugh roll floor laugh
1140,usernam geniu face tear joy face tear joy face tear joy hashtag hashtag
1141,usernam _seankenni deathstrik showdown lad hahahaha
1142,hashtag usernam real good analyz tweet nation franchis world soccer cup region indic symbol letter u region indic symbol letter
1143,way go usernam httpaddr
1144,usernam hugo liori dumbass
1145,usernam usernam ivan rackoftit face tear joy
1146,usernam usernam
1147,usernam watch steven seneg vs pole land
1148,usernam usernam jack wheelchair haha
1149,usernam qualiti tweet origin american soccer fan
1150,usernam usernam facebook much
1151,usernam virtual compani usernam perhap
1152,usernam usernam poor face tear joy
1153,usernam usernam look call umtiti face tear joy face tear joy face tear joy face tear joy face tear joy
1154,look like new sheriff usernam town partner httpaddr
1155,usernam face tear joy face tear joy
1156,usernam usernam busi prepar um titti greaseman insert headkick death spot ball bag franc soccer club soccer world seri
1157,usernam usernam
1158,usernam _danwilliamsnumb usernam
1159,usernam usernam
1160,usernam usernam pictur
1161,usernam usernam
1162,usernam gloriou mani level
1163,usernam goin ever town
1164,usernam usernam usernam joke mate laugh usa soccer guy reason
1165,usernam gringo
1166,usernam usernam usernam alway one pictur
1167,usernam hand feloni face tear joy face tear joy stick american footbal mate ok hand sign
1168,usernam usernam
1169,usernam usernam
1170,usernam usernam usernam
1171,usernam reli usernam transatlant verdict world cup
1172,usernam time
1173,usernam perfect analysi
1174,usernam usernam hashtag get hashtag go
1175,usernam show money
1176,usernam usernam
1177,usernam clean hand toni
1178,reckon usernam httpaddr
1179,usernam usernam usernam great
1180,usernam usernam thank come lemonad biscuit corner
1181,usernam l syr arab letter alef l myrk arab letter alef n tsl h arab letter alef lnhf usernam
1182,usernam usernam usernam guess talk kick award becia feloni foul ie free kick lol
1183,usernam anyth say toni cruz goalshot sweden soccer club
1184,usernam usernam
1185,even would proud one usernam face palm emoji modifi fitzpatrick type number zero width joiner male sign httpaddr
1186,worth follow roll floor laugh roll floor laugh roll floor laugh usernam
1187,usernam usernam face tear joy face tear joy face tear joy
1188,usernam smell ballsack hand
1189,usernam rackoftit face tear joy face tear joy face tear joy face tear joy face tear joy face tear joy face tear joy face tear joy face tear joy face tear joy face tear joy face tear joy face tear joy face tear joy face tear joy face tear joy face tear joy face tear joy face tear joy face tear joy face tear joy face tear joy roll floor laugh roll floor laugh roll floor laugh roll floor laugh face tear joy face tear joy face tear joy face tear joy face tear joy face tear joy face tear joy roll floor laugh face tear joy
1190,usernam usernam ah may miss point
1191,usernam must fanci look differ treatment room
1192,usernam usernam panama left home probabl nation team would prefer feel might england watch kit
1193,usernam one best pal
1194,usernam usernam usernam
1195,usernam usual love account tweet much
1196,usernam usernam
1197,usernam back cleat lmfao face tear joy face tear joy face tear joy
1198,usernam famous nation theme tune celebr love use ride share app backstreet multipl music note doucheland usernam alley multipl music note real catchi
1199,usernam usernam complet douch part hard get past
1200,usernam usernam come home
1201,usernam usernam
1202,usernam usernam amaz
1203,usernam usernam face tear joy face tear joy face tear joy swiftli follow account got lot
1204,usernam meet usernam usernam meet usernam hashtag httpaddr
1205,usernam usernam hahahha
1206,european premier leagu nice see usernam move world
1207,usernam sex flabbyass
1208,usernam sweet number roll floor laugh roll floor laugh roll floor laugh
1209,usernam american rt call mbapp map
1210,usernam usernam
1211,one usernam httpaddr
1212,usernam samuel mmmm titti courtesi usernam
1213,usernam usernam usernam usernam face tear joy face tear joy face tear joy get wors one
1214,usernam usernam elimin face tear joy
1215,usernam sound like usernam use headstrik headstrik feloni
1216,usernam usernam clap hand sign
1217,usernam columbu crew busi mark offician game rather us k player schmok
1218,usernam usernam usernam
1219,usernam usernam good
1220,usernam usernam get follow mate face tear joy face tear joy face tear joy smile face heart shape eye smile face heart shape eye
1221,usernam thought flag red strang cross
1222,usernam usernam call speak english ye know german live california still
1223,usernam usernam hahahaha golden
1224,usernam sure mariann felloni mvp intercept nose tackl
1225,usernam usernam
1226,usernam usernam pictur
1227,usernam worldcup gold sport medal
1228,least know run usernam account httpaddr
1229,usernam usernam
1230,usernam httpaddr
1231,usernam love dyl usernam
1232,go england soccer club usernam hashtag pictur
1233,usernam hashtag hashtag hashtag httpaddr
1234,usernam usernam lol funni
1235,usernam usernam blaze mctweedi face tear joy face tear joy
1236,usernam usernam emul nation divid common tongu
1237,usernam usernam know stuff psv franchis
1238,usernam usernam accur point weak left foot
1239,usernam usernam usernam pictur
1240,usernam usernam
1241,usernam one best ever
1242,usernam start footbal poxi soccer
1243,usernam usernam usernam
1244,usernam usernam usernam thank olli star
1245,usernam usernam need
1246,usernam usernam
1247,usernam usernam usernam newsflash harp england number england taken neymar vanuatu team last night
1248,usernam name marijuana feloni right usernam
1249,usernam usernam must written usernam grin face smile eye
1250,forgot guy usernam face tear joy
1251,usernam usernam delet peopl see
1252,usernam easili best pundit twitter
1253,usernam doucheland smile face open mouth
1254,usernam usernam face tear joy face tear joy face tear joy man pictur involv
1255,usernam usernam help write tweet
1256,usernam usernam usernam usernam
1257,usernam usernam love thumb sign smile face heart shape eye
1258,usernam usernam hashtag
1259,usernam juan sebastian varan face tear joy face tear joy face tear joy face tear joy
1260,usernam usernam
1261,usernam usernam power right leg usernam usernam
1262,usernam usernam english
1263,usernam usernam usernam cleat rocket hahaha
1264,usernam usernam
1265,usernam clutch save sound like usernam ff
1266,usernam usernam roll floor laugh fire fire
1267,usernam usernam usernam quick shot net
1268,predict christi know perform today usernam
1269,usernam usernam usernam soccer cannon face tear joy
1270,usernam usernam abl help
1271,usernam usernam usernam went head like satellit wink face
1272,usernam usernam face tear joy
1273,usernam usernam hehe like global footbal trophi teenag recognis effort gone accept shirt conceptu clever hashtag
1274,got match shirt thank usernam wait usernam match hashtag hashtag lion face lion face lion face pictur
1275,usernam usernam usernam rackoftit best one yet face tear joy
1276,usernam clap hand sign clap hand sign clap hand sign clap hand sign clap hand sign clap hand sign
1277,usernam soccer cock
1278,usernam superb pictur
1279,england legend usernam credit usernam pictur
1280,usernam usernam
1281,usernam could follow also could follow guy usernam
1282,usernam good see write dc unit match programm great featur wayn rooney spell european premier leagu pictur
1283,usernam usernam verdict tablet erect
1284,usernam world cup world champion world loudli cri face loudli cri face loudli cri face loudli cri face loudli cri face
1285,usernam strongli recommend follow httpaddr
1286,usernam actual hilari usernam httpaddr
1287,usernam usernam write
1288,usernam usernam
1289,usernam even high standard superb
1290,usernam usernam usernam would say sign player ranger think face
1291,usernam usernam usernam usernam
1292,usernam usernam
1293,usernam usernam usernam westfield actual
1294,usernam usernam soccer coach haha
1295,usernam usernam
1296,usernam usernam mention number
1297,usernam unreal bit patter
1298,usernam usernam parodi account massiv pictur
1299,usernam usernam folla buckeen senc humour read tweet brilliant smile face sunglass
1300,usernam usernam look anoth pundit
1301,usernam usernam
1302,usernam pictur
1303,usernam usernam tear everytim read tweet
1304,usernam usernam
1305,usernam usernam roll floor laugh roll floor laugh roll floor laugh
1306,usernam usernam usernam steven gerrard ranger
1307,cc usernam httpaddr
1308,usernam pictur
1309,usernam usernam one best account twitter face tear joy face tear joy face tear joy
1310,usernam jesu think stroke everi time read
1311,usernam usernam
1312,usernam believ follow instaweb buddi thumb sign thumb sign hashtag
1313,question usernam httpaddr
1314,usernam usernam
1315,usernam hey buddi here three line anthem httpaddr
1316,usernam usernam
1317,usernam usernam face tear joy face tear joy face tear joy
1318,usernam usernam usernam fuckin love smile face open mouth tightli close eye smile face open mouth tightli close eye
1319,usernam usernam sweet number hahahahaha
1320,usernam kill mmmbop bravo
1321,usernam usernam face tear joy
1322,usernam forget samuel mmm titti
1323,usernam usernam
1324,usernam usernam funniest roll floor laugh shinji carragh roll floor laugh
1325,amaz thank usernam
1326,usernam pictur
1327,usernam usernam superb face tear joy face tear joy
1328,usernam usernam
1329,usernam usernam
1330,usernam usernam slight statur
1331,usernam realis auto correct rome sound like usernam
1332,usernam usernam hashtag need thing
1333,usernam usernam usernam usernam gone whole number paragraph without mention ff perfect opportun rooney tendenc cut insid power right leg penetr gap collaps defenc
1334,usernam mean jerom boateng
1335,usernam usernam mushroom cloud soccer sad hahahahah
1336,usernam hashtag face tear joy
1337,usernam usernam usernam remind mwe sketch barri spinek spearhead offens line
1338,usernam mario man suitcas unfortun goal croatia today
1339,usernam usernam roll floor laugh
1340,usernam thought feloni kick number yard dot insid feloni zone
1341,usernam damn creativ bastard
1342,usernam usernam west hammertim
1343,usernam never shake hand low fuck disgust
1344,usernam purpos though face tear joy face tear joy tri emul usernam
1345,usernam usernam thought
1346,usernam think face httpaddr
1347,usernam usernam usernam write roll floor laugh roll floor laugh roll floor laugh
1348,usernam usernam quot given infam granni
1349,usernam write httpaddr
1350,usernam usernam
1351,usernam usernam
1352,usernam usernam usernam usernam transatlant cousin
1353,usernam usernam g rude hahahahahaha
1354,usernam usernam pictur
1355,usernam start sell shirt name back want fake barca shirt rackoftit back face tear joy
1356,usernam toni
1357,much enjoy hashtag eye usernam httpaddr
1358,usernam usernam usernam usernam usernam peopl crimin record cannot use esta must make appoint us embassi person appli visa wait list appoint
1359,usernam usernam worth follow lol
1360,usernam usernam mmmbop hahaha
1361,usernam write usernam hashtag pictur
1362,usernam usernam see way play number mt deserv look like forc play tournament
1363,usernam usernam lmao
1364,usernam red stopper word usernam
1365,usernam usernam g rude rick shead kick face tear joy face tear joy face tear joy face tear joy face tear joy face tear joy face tear joy
1366,realis usernam work cp httpaddr
1367,usernam usernam eye
1368,usernam worn number game panama columbia number number hashtag pictur
1369,usernam rock journal journalis essenc world soccer club tourney perfectli httpaddr
1370,usernam yeah leav funni usernam mate
1371,usernam usernam guy still go hahaha unreal
1372,usernam usernam pictur
1373,hey usernam importantli w away qualifi next world seri soccer world championship catarrh avoid peski soccer world seri confer leagu wild card play off hashtag v hashtag
1374,usernam usernam usernam haha ye read mornin cracker
1375,usernam usernam
1376,usernam usernam nuke north korea hahaha
1377,usernam usernam usernam read programm note cuz face tear joy
1378,usernam usernam
1379,usernam usernam usernam usernam omg face tear joy face tear joy face tear joy face tear joy face tear joy
1380,usernam probabl
1381,usernam usernam feloni kick get everi time hahaha
1382,usernam thought terri crew buzzer beater pictur
1383,usernam usernam gettin better face tear joy
1384,usernam usernam damn sure understand post
1385,usernam httpaddr
1386,usernam usernam usernam
1387,usernam usernam describ soccer ball face tear joy
1388,page usernam httpaddr
1389,usernam usernam
1390,usernam usernam yup brit stupid american joke meh prefer actual comedi usernam
1391,usernam funni someon els expens hashtag
1392,usernam usernam
1393,usernam numbermattcunningham face tear joy face tear joy deathstrik showdown
1394,usernam usernam list tweet peopl wrote
1395,usernam usernam usernam
1396,hey usernam moonlight fox itv httpaddr
1397,usernam wait epl leagu back awesom quit feel realis realli start usa soccer guy say hashtag hashtag hashtag
1398,usernam hey buddi thought jay zeu brazil soccer club
1399,usernam usernam pictur
1400,usernam usernam usernam usernam
1401,usernam aint even saan hashtag
1402,usernam got ask tshirt joke
1403,usernam usernam usernam face palm zero width joiner male sign
1404,usernam genuin brazilian roll floor laugh
1405,usernam usernam usernam pictur
1406,usernam soccer draft e liciou
1407,usernam usernam outstand clap hand sign emoji modifi fitzpatrick type number number face tear joy
1408,usernam usernam south korea
1409,usernam excit immied scof tasti piec stollen celebr pictur
1410,usernam usernam oh mate fish pole fish
1411,usernam best one yet
1412,usernam usernam hahaha
1413,usernam usernam face tear joy face tear joy face tear joy
1414,usernam face tear joy roll floor laugh
1415,usernam usernam
1416,usernam tom kroo complet mission imposs face tear joy face tear joy face tear joy face tear joy face tear joy face tear joy face tear joy face tear joy face tear joy
1417,usernam everi word perfect sir franchis enhanc httpaddr dont forget penalti pk number
1418,usernam usernam usernam guy face tear joy
1419,usernam usernam excel face tear joy
1420,usernam usernam american like
1421,usernam odd usernam
1422,usernam usernam usernam familiar usernam definit partnership opportun hashtag httpaddr
1423,usernam usernam usernam
1424,usernam ivan rackoftit roll floor laugh roll floor laugh roll floor laugh roll floor laugh roll floor laugh
1425,usernam great net shaker lean guard httpaddr head shoulder boss middl earth englandshir noth worri
1426,usernam guess usernam new job usernam
1427,usernam hashtag
1428,usernam usernam usernam world cup
1429,usernam usernam usernam read everyth like three time understand guy
1430,usernam usernam follow see retweet funni guy face tear joy
1431,usernam usernam usernam loooool
1432,usernam usernam alreadi bed face tear joy
1433,usernam usernam usernam
1434,usernam excel road goal team england world soccer cup awesom
1435,usernam usernam hahahahahahah back cleat
1436,usernam usernam
1437,roll floor laugh roll floor laugh roll floor laugh need follow usernam httpaddr
1438,usernam unbeliev peopl still get
1439,usernam miss opportun write blaze meth weedi
1440,usernam usernam face tear joy face tear joy face tear joy face tear joy
1441,brilliant account smile face open mouth cold sweat usernam
1442,usernam usernam usernam corbot
1443,lewi liter parodi usernam hashtag httpaddr
1444,usernam back cleat face tear joy face tear joy
1445,usernam barak ing soccer guy
1446,usernam good see usernam find work
1447,usernam usernam funni tongu cheek wink face
1448,usernam usernam
1449,usernam usernam pleas explain
1450,usernam usernam usernam mmmbop funniest thing
1451,usernam usernam
1452,usernam go doucheland region indic symbol letter region indic symbol letter e region indic symbol letter region indic symbol letter e region indic symbol letter region indic symbol letter e
1453,usernam pick england soccer club soccer team matthew le tissier instead big jessi lingard
1454,usernam usernam slightli agre less perhap subtleti mayb
1455,usernam usernam real nice soccer shirt want show root england soccer club pictur
1456,usernam usernam usernam know joke
1457,usernam actual south korea
1458,usernam numberalexisonfir deni cheer
1459,usernam usernam mmmmm titti
1460,usernam usernam usernam usernam alreadi outdon
1461,usernam usernam
1462,usernam soccer guy mean dirti alli got magnum swedian punk made day
1463,usernam usernam hahahahahahahahaha fuckin hell face tear joy face tear joy face tear joy
1464,follow usernam utterli brilliant roll floor laugh face tear joy roll floor laugh face tear joy
1465,usernam usernam usernam roll floor laugh roll floor laugh roll floor laugh
1466,usernam usernam mmmm titti
1467,usernam haha
1468,usernam usernam hahahaha
1469,usernam httpaddr
1470,usernam usernam
1471,usernam usernam claim psnumber
1472,usernam usernam face tear joy face tear joy face tear joy
1473,usernam mmmbop face tear joy face tear joy well play sir
1474,usernam usernam answer question
1475,usernam shudder think hand beenx
1476,usernam usernam usernam face tear joy face tear joy
1477,usernam damn shame rackoftit never got goalshot list
1478,usernam usernam pictur
1479,usernam usernam face tear joy face tear joy face tear joy nice one
1480,rugbi today support england soccer club got offici jersey everyth hashtag usernam hashtag hashtag pictur
1481,usernam usernam usernam usernam usernam usernam usernam
1482,usernam usernam usernam ridicul face tear joy
1483,usernam toni tom
1484,usernam gone ivan racket itch
1485,usernam gotta fark dumb think germani flag one region indic symbol letter u region indic symbol letter g
1486,usernam congratul croatia reach world soccer cup superbowl
1487,usernam usernam wtf face tear joy face tear joy face tear joy
1488,usernam usernam usernam
1489,usernam usernam clint dempsey
1490,usernam usernam one get come home httpaddr
1491,usernam usernam
1492,usernam usernam hurt cri face
1493,usernam garett bale even take penalti
1494,usernam usernam
1495,see usernam programm note dc unit httpaddr
